date,category,reason,item_name,quantity_kg,cost_per_unit
2024-12-31 09:40:38.070957,Dairy,Trim Waste,Rice,0.7396033746555342,4.956205016157444
2024-12-31 09:40:38.070957,Grains,Overproduction,Milk,2.5485541935643035,6.56437173095838
2024-12-31 09:40:38.070957,Dairy,Customer Return,Bread,2.555714246616566,14.236199425208326
2024-12-31 09:40:38.070957,Dairy,Overproduction,Fish,3.2421224678287235,2.23634278568081
2024-12-31 09:40:38.070957,Prepared Food,Overproduction,Fish,4.33816166187261,8.639288198146229
2025-01-01 09:40:38.070957,Grains,Spoiled,Rice,1.359662595075674,10.11378407765879
2025-01-01 09:40:38.070957,Grains,Expired,Cheese,4.835004207844051,7.3037886682710305
2025-01-01 09:40:38.070957,Grains,Expired,Tomatoes,0.8346318955712609,7.012743183837917
2025-01-01 09:40:38.070957,Protein,Expired,Tomatoes,2.4070764903782833,3.4834283113153792
2025-01-02 09:40:38.070957,Prepared Food,Customer Return,Milk,1.7475077836279813,10.19138821222863
2025-01-02 09:40:38.070957,Protein,Trim Waste,Bread,0.16012572609843528,3.0528893502273227
2025-01-02 09:40:38.070957,Protein,Trim Waste,Milk,4.793229578643094,13.183868010376296
2025-01-02 09:40:38.070957,Grains,Overproduction,Cheese,1.7910465657320356,8.089238492475602
2025-01-03 09:40:38.070957,Produce,Customer Return,Fish,3.563954922462845,2.7748683058921912
2025-01-03 09:40:38.070957,Grains,Trim Waste,Rice,3.6760550321023726,7.113616279765815
2025-01-03 09:40:38.070957,Prepared Food,Overproduction,Fish,0.24498900583598315,14.20250981665
2025-01-03 09:40:38.070957,Protein,Customer Return,Fish,2.343071882540511,9.431883830873648
2025-01-03 09:40:38.070957,Produce,Spoiled,Tomatoes,0.643565332734518,3.2694226795780104
2025-01-03 09:40:38.070957,Produce,Expired,Bread,0.8228103163237321,3.2133567236277005
2025-01-04 09:40:38.070957,Protein,Overproduction,Tomatoes,2.313220265905774,3.589185587350646
2025-01-04 09:40:38.070957,Grains,Trim Waste,Beef,2.6995095670882003,10.84296665681032
2025-01-04 09:40:38.070957,Protein,Customer Return,Rice,1.3925079565513343,6.2038382118097894
2025-01-04 09:40:38.070957,Dairy,Trim Waste,Cheese,4.8883435115996035,5.510418998076725
2025-01-05 09:40:38.070957,Protein,Expired,Lettuce,2.6990546442726133,7.609620219955118
2025-01-05 09:40:38.070957,Protein,Expired,Beef,0.282745212868603,11.772603858379247
2025-01-05 09:40:38.070957,Prepared Food,Customer Return,Fish,1.108196967162297,10.758716814219799
2025-01-06 09:40:38.070957,Prepared Food,Trim Waste,Milk,4.276009291035855,9.460509134531744
2025-01-06 09:40:38.070957,Grains,Trim Waste,Cheese,0.28949192334192375,5.565502186029214
2025-01-06 09:40:38.070957,Grains,Overproduction,Pasta,3.2920783370444386,7.184210940870997
2025-01-07 09:40:38.070957,Grains,Customer Return,Rice,1.270469825160916,9.334709395153906
2025-01-07 09:40:38.070957,Produce,Customer Return,Tomatoes,0.5873461935398895,5.6223819240290425
2025-01-07 09:40:38.070957,Prepared Food,Trim Waste,Milk,4.9405049756626624,14.226626157536082
2025-01-08 09:40:38.070957,Grains,Overproduction,Tomatoes,4.742590611609031,12.596074256734866
2025-01-08 09:40:38.070957,Prepared Food,Trim Waste,Lettuce,0.26953843317266657,13.610594298212014
2025-01-08 09:40:38.070957,Protein,Trim Waste,Chicken,2.2790858845349775,3.4961181320313592
2025-01-08 09:40:38.070957,Prepared Food,Customer Return,Pasta,3.049740151674988,9.261830271826081
2025-01-08 09:40:38.070957,Produce,Expired,Tomatoes,2.4529069691673473,9.974799611897616
2025-01-08 09:40:38.070957,Grains,Overproduction,Beef,1.5183996249724958,14.250015029663132
2025-01-08 09:40:38.070957,Protein,Spoiled,Chicken,1.4179283834779035,6.272594986860917
2025-01-09 09:40:38.070957,Protein,Expired,Tomatoes,3.404839155376826,9.403956763999322
2025-01-09 09:40:38.070957,Grains,Spoiled,Cheese,1.7533799301522264,13.971225365765383
2025-01-09 09:40:38.070957,Dairy,Customer Return,Bread,2.7935619081137166,9.48394617687945
2025-01-09 09:40:38.070957,Grains,Trim Waste,Beef,1.939149000713983,14.843622439574656
2025-01-10 09:40:38.070957,Grains,Customer Return,Chicken,4.49009787570035,3.11602082601581
2025-01-10 09:40:38.070957,Protein,Overproduction,Milk,4.258683323543553,9.3125167245512
2025-01-10 09:40:38.070957,Protein,Expired,Fish,2.3863823638954793,8.106474253010918
2025-01-10 09:40:38.070957,Dairy,Trim Waste,Lettuce,3.13972296655439,3.810482934790336
2025-01-10 09:40:38.070957,Dairy,Trim Waste,Fish,2.958866996843139,13.392301199185523
2025-01-10 09:40:38.070957,Produce,Expired,Chicken,4.473346222591295,8.886185117293486
2025-01-10 09:40:38.070957,Protein,Expired,Bread,4.494619273580303,13.516965998733541
2025-01-11 09:40:38.070957,Dairy,Customer Return,Fish,4.0493734157642285,7.808928648307259
2025-01-11 09:40:38.070957,Produce,Spoiled,Lettuce,4.548696522770801,7.915317282249675
2025-01-11 09:40:38.070957,Dairy,Overproduction,Rice,1.5795025387053512,13.834133678788758
2025-01-11 09:40:38.070957,Protein,Customer Return,Milk,0.1021979482943861,9.743135336857797
2025-01-11 09:40:38.070957,Prepared Food,Trim Waste,Beef,2.525203173469292,4.765033788752546
2025-01-12 09:40:38.070957,Protein,Customer Return,Chicken,1.4918249073943126,6.383246329338494
2025-01-12 09:40:38.070957,Produce,Spoiled,Beef,1.9962629324195285,10.872121802788952
2025-01-12 09:40:38.070957,Prepared Food,Overproduction,Pasta,4.72288450833858,9.10072018093102
2025-01-12 09:40:38.070957,Produce,Customer Return,Pasta,1.599351931774792,4.864070264446147
2025-01-12 09:40:38.070957,Prepared Food,Customer Return,Fish,2.759765083864256,9.031762072180955
2025-01-12 09:40:38.070957,Grains,Spoiled,Pasta,3.5434718334396833,4.822209658965429
2025-01-13 09:40:38.070957,Grains,Customer Return,Chicken,0.1472878528106823,2.6101161839937697
2025-01-13 09:40:38.070957,Grains,Overproduction,Milk,2.9847677027024853,4.087132213326944
2025-01-13 09:40:38.070957,Dairy,Customer Return,Lettuce,2.233330740547665,4.2965015312116
2025-01-13 09:40:38.070957,Grains,Trim Waste,Bread,0.148664209421395,6.752859320405302
2025-01-14 09:40:38.070957,Prepared Food,Overproduction,Cheese,3.827635590244355,3.077243223396705
2025-01-14 09:40:38.070957,Dairy,Customer Return,Cheese,0.2831233627263875,14.497554370927404
2025-01-14 09:40:38.070957,Produce,Customer Return,Lettuce,2.704763855686499,10.190135954770616
2025-01-14 09:40:38.070957,Grains,Spoiled,Beef,0.7634419946394508,8.941550206381768
2025-01-14 09:40:38.070957,Prepared Food,Spoiled,Chicken,1.8093580225289416,13.985246338647922
2025-01-15 09:40:38.070957,Grains,Spoiled,Chicken,3.252705584984062,6.907801626108178
2025-01-15 09:40:38.070957,Dairy,Customer Return,Tomatoes,0.84805126010798,2.624533217782918
2025-01-15 09:40:38.070957,Produce,Trim Waste,Cheese,3.774913396257136,14.48739535033821
2025-01-15 09:40:38.070957,Prepared Food,Expired,Rice,3.9165822951692455,2.379734806947484
2025-01-15 09:40:38.070957,Protein,Expired,Rice,4.198859219187142,5.460045170482208
2025-01-15 09:40:38.070957,Prepared Food,Customer Return,Rice,2.1648848184252216,2.0265200872273033
2025-01-15 09:40:38.070957,Produce,Expired,Pasta,1.3728824060864977,13.889195269335733
2025-01-16 09:40:38.070957,Produce,Spoiled,Chicken,2.0420370508165524,3.6488902938752767
2025-01-16 09:40:38.070957,Dairy,Trim Waste,Rice,2.4989221251638654,7.416501475667106
2025-01-16 09:40:38.070957,Grains,Customer Return,Tomatoes,4.239635426585052,14.417554901538855
2025-01-16 09:40:38.070957,Dairy,Customer Return,Pasta,0.9303845641861851,12.422554813183625
2025-01-16 09:40:38.070957,Produce,Overproduction,Bread,2.2435458281918135,12.488468307526194
2025-01-16 09:40:38.070957,Protein,Customer Return,Milk,2.086754311552409,12.192959468177312
2025-01-17 09:40:38.070957,Protein,Spoiled,Lettuce,1.3008580059444326,6.458696074706809
2025-01-17 09:40:38.070957,Protein,Trim Waste,Tomatoes,2.0485859186230635,9.170351791150477
2025-01-17 09:40:38.070957,Grains,Customer Return,Pasta,4.350596047739058,12.641010194411194
2025-01-17 09:40:38.070957,Grains,Overproduction,Pasta,3.246238375091584,4.175401531907076
2025-01-17 09:40:38.070957,Prepared Food,Spoiled,Cheese,2.839384143308548,7.278937358213442
2025-01-18 09:40:38.070957,Prepared Food,Spoiled,Rice,0.9937478259367646,11.221837998909994
2025-01-18 09:40:38.070957,Prepared Food,Trim Waste,Lettuce,1.2318875373074343,4.453178069152787
2025-01-18 09:40:38.070957,Prepared Food,Overproduction,Chicken,4.364315980518658,14.002336694903285
2025-01-18 09:40:38.070957,Prepared Food,Expired,Pasta,1.180108539367507,3.083567724589774
2025-01-18 09:40:38.070957,Protein,Customer Return,Milk,2.1944894590438544,6.9891416637568655
2025-01-18 09:40:38.070957,Prepared Food,Customer Return,Bread,4.414079788304675,6.614545813569746
2025-01-19 09:40:38.070957,Protein,Trim Waste,Milk,4.968096357408728,9.624338349587184
2025-01-19 09:40:38.070957,Prepared Food,Spoiled,Lettuce,3.5988595989119836,14.696790098731023
2025-01-19 09:40:38.070957,Produce,Trim Waste,Fish,2.998483414056281,8.676969085604508
2025-01-19 09:40:38.070957,Grains,Overproduction,Bread,4.406010063156228,8.063062943255932
2025-01-19 09:40:38.070957,Produce,Customer Return,Bread,4.236458024569632,10.54222103137921
2025-01-20 09:40:38.070957,Prepared Food,Overproduction,Bread,3.6365394559720134,13.335045512926506
2025-01-20 09:40:38.070957,Grains,Overproduction,Beef,1.0212024009903928,8.525820391644595
2025-01-20 09:40:38.070957,Grains,Spoiled,Lettuce,2.9680548595138467,4.631986812442358
2025-01-20 09:40:38.070957,Prepared Food,Trim Waste,Lettuce,1.9522727441720338,11.051670372480421
2025-01-21 09:40:38.070957,Protein,Overproduction,Beef,3.5251413995833305,7.7790276937912965
2025-01-21 09:40:38.070957,Prepared Food,Spoiled,Rice,3.6197306572845163,10.296920544695856
2025-01-21 09:40:38.070957,Produce,Trim Waste,Milk,1.5434337519007801,11.623429737255076
2025-01-21 09:40:38.070957,Protein,Overproduction,Bread,4.156852656034358,4.057898386761372
2025-01-21 09:40:38.070957,Protein,Spoiled,Fish,4.588726445354014,9.023196048906193
2025-01-22 09:40:38.070957,Dairy,Overproduction,Tomatoes,1.73351485010983,2.110656999340006
2025-01-22 09:40:38.070957,Dairy,Expired,Beef,3.9904155228672087,8.895691119896151
2025-01-22 09:40:38.070957,Prepared Food,Trim Waste,Pasta,1.7460248602594786,14.983012576773294
2025-01-22 09:40:38.070957,Dairy,Overproduction,Tomatoes,1.8939185501088274,4.075104974598309
2025-01-22 09:40:38.070957,Dairy,Spoiled,Pasta,2.681965086442524,3.023954632440914
2025-01-22 09:40:38.070957,Dairy,Overproduction,Pasta,0.350401034916736,6.158811031465894
2025-01-23 09:40:38.070957,Prepared Food,Overproduction,Fish,1.7524958565039388,14.176391547671104
2025-01-23 09:40:38.070957,Protein,Overproduction,Pasta,3.4013992892917533,10.314321359169195
2025-01-23 09:40:38.070957,Produce,Expired,Chicken,3.877145366406621,4.760070663911066
2025-01-23 09:40:38.070957,Dairy,Spoiled,Lettuce,4.454774077581969,6.834918719217923
2025-01-23 09:40:38.070957,Produce,Expired,Chicken,4.176887185815331,2.8090613882411377
2025-01-23 09:40:38.070957,Protein,Customer Return,Lettuce,4.9370452889661225,8.42512523135613
2025-01-23 09:40:38.070957,Prepared Food,Overproduction,Fish,0.3107324590937472,5.632906711565731
2025-01-24 09:40:38.070957,Dairy,Overproduction,Cheese,3.8556257653093056,8.869210441178987
2025-01-24 09:40:38.070957,Dairy,Expired,Bread,0.3568321782662984,3.7755942584193853
2025-01-24 09:40:38.070957,Produce,Expired,Beef,4.349729301520415,10.751022699592925
2025-01-25 09:40:38.070957,Prepared Food,Expired,Fish,4.293146091673907,6.332597687970694
2025-01-25 09:40:38.070957,Protein,Expired,Chicken,4.645449970349139,12.374693597489372
2025-01-25 09:40:38.070957,Protein,Spoiled,Bread,4.9420466873007145,7.061337619025825
2025-01-25 09:40:38.070957,Protein,Overproduction,Pasta,1.1103344347252841,9.562465171655086
2025-01-25 09:40:38.070957,Dairy,Overproduction,Rice,2.1692011149944577,2.6328231046688275
2025-01-26 09:40:38.070957,Grains,Customer Return,Cheese,3.6812878263738975,5.960971109986138
2025-01-26 09:40:38.070957,Produce,Overproduction,Cheese,2.0026129301779956,4.299561117535377
2025-01-26 09:40:38.070957,Protein,Expired,Fish,2.444461506684653,6.1048731695168375
2025-01-26 09:40:38.070957,Prepared Food,Trim Waste,Rice,4.805416304980355,12.88829927258714
2025-01-26 09:40:38.070957,Prepared Food,Expired,Milk,3.8456171877302454,11.565935454623862
2025-01-26 09:40:38.070957,Grains,Trim Waste,Fish,2.498728060466895,4.378358922066438
2025-01-26 09:40:38.070957,Dairy,Overproduction,Rice,4.341922839839971,12.422999662364676
2025-01-27 09:40:38.070957,Protein,Customer Return,Rice,0.3996141999801588,9.923533355955662
2025-01-27 09:40:38.070957,Produce,Expired,Milk,3.409130477826327,5.429222834384816
2025-01-27 09:40:38.070957,Grains,Spoiled,Bread,3.7906652137465833,4.23961016326524
2025-01-28 09:40:38.070957,Produce,Overproduction,Chicken,2.7076630017002903,12.655981318399093
2025-01-28 09:40:38.070957,Prepared Food,Customer Return,Bread,2.7178887579931845,9.123136105326797
2025-01-28 09:40:38.070957,Dairy,Spoiled,Fish,2.2659012343935587,3.5072307692981233
2025-01-28 09:40:38.070957,Prepared Food,Spoiled,Milk,2.6996126786626387,11.99900291049596
2025-01-29 09:40:38.070957,Dairy,Spoiled,Bread,2.3906394445147807,8.406661244533737
2025-01-29 09:40:38.070957,Prepared Food,Trim Waste,Chicken,1.363081041628343,13.14572892055632
2025-01-29 09:40:38.070957,Protein,Spoiled,Chicken,2.8902359400823037,9.947573768133562
2025-01-29 09:40:38.070957,Dairy,Expired,Cheese,1.6445182225003492,6.353914157559071
2025-01-30 09:40:38.070957,Grains,Expired,Milk,3.20667676584162,9.407869287328808
2025-01-30 09:40:38.070957,Dairy,Spoiled,Lettuce,1.971184154142771,11.394194813199128
2025-01-30 09:40:38.070957,Grains,Customer Return,Tomatoes,2.2126984406881443,5.153770809597792
2025-01-30 09:40:38.070957,Produce,Expired,Beef,3.4683456696851853,8.094368778984013
2025-01-30 09:40:38.070957,Produce,Overproduction,Lettuce,0.658884689963951,9.545865814694753
2025-01-30 09:40:38.070957,Prepared Food,Expired,Pasta,1.5344836587852306,13.222257004412306
2025-01-31 09:40:38.070957,Produce,Spoiled,Tomatoes,4.14902926595475,11.576827397613748
2025-01-31 09:40:38.070957,Produce,Spoiled,Beef,4.363357743649833,11.099292467192035
2025-01-31 09:40:38.070957,Protein,Expired,Beef,4.053538168610421,9.690384598276804
2025-01-31 09:40:38.070957,Prepared Food,Customer Return,Fish,2.7774666046271816,6.318251474243256
2025-01-31 09:40:38.070957,Dairy,Overproduction,Pasta,3.2843089325314705,10.483352977514693
2025-01-31 09:40:38.070957,Protein,Trim Waste,Lettuce,0.7585799059153812,7.637658673182894
2025-01-31 09:40:38.070957,Produce,Spoiled,Pasta,1.976640163667468,10.558908335193058
2025-02-01 09:40:38.070957,Produce,Trim Waste,Fish,3.6430939556433324,12.80930215492124
2025-02-01 09:40:38.070957,Dairy,Overproduction,Pasta,4.33079540978104,13.946051295467772
2025-02-01 09:40:38.070957,Prepared Food,Expired,Cheese,4.751389712365808,5.162764916326852
2025-02-01 09:40:38.070957,Prepared Food,Expired,Beef,1.8628525677531906,5.8596328241406646
2025-02-01 09:40:38.070957,Prepared Food,Spoiled,Milk,2.573367703272345,9.334967718652585
2025-02-01 09:40:38.070957,Protein,Trim Waste,Rice,3.367779936358823,5.766950968917564
2025-02-02 09:40:38.070957,Produce,Spoiled,Beef,0.39793768302661825,3.7903226125049887
2025-02-02 09:40:38.070957,Prepared Food,Overproduction,Rice,2.9725883555226824,11.096853951872207
2025-02-02 09:40:38.070957,Protein,Trim Waste,Beef,4.773909477447319,13.16307376192879
2025-02-03 09:40:38.070957,Grains,Spoiled,Tomatoes,1.334864616686505,11.882637940483043
2025-02-03 09:40:38.070957,Grains,Expired,Milk,0.16231121480103236,2.7311476936941914
2025-02-03 09:40:38.070957,Prepared Food,Overproduction,Milk,0.20483880485454845,7.053439068876467
2025-02-03 09:40:38.070957,Grains,Overproduction,Milk,0.8159367041486946,12.350184947056817
2025-02-03 09:40:38.070957,Dairy,Overproduction,Tomatoes,0.5587631301399921,4.53455730773007
2025-02-03 09:40:38.070957,Dairy,Customer Return,Milk,3.0242359759918465,4.339706178356917
2025-02-03 09:40:38.070957,Produce,Customer Return,Fish,3.819288906723682,3.6907695672503724
2025-02-04 09:40:38.070957,Protein,Expired,Fish,3.478015433135503,14.773658406651494
2025-02-04 09:40:38.070957,Grains,Customer Return,Beef,2.2034235486300187,9.026847778136307
2025-02-04 09:40:38.070957,Dairy,Customer Return,Bread,1.296253550729647,12.646988515086187
2025-02-04 09:40:38.070957,Grains,Overproduction,Tomatoes,2.6913529665440072,5.312654841209591
2025-02-04 09:40:38.070957,Grains,Expired,Cheese,3.700637780052354,12.695800566541958
2025-02-05 09:40:38.070957,Produce,Trim Waste,Lettuce,2.11416074542831,12.469328230183978
2025-02-05 09:40:38.070957,Prepared Food,Expired,Beef,3.5603607668027943,7.112918375757251
2025-02-05 09:40:38.070957,Produce,Spoiled,Tomatoes,3.011778620617631,12.109250168994624
2025-02-05 09:40:38.070957,Protein,Expired,Fish,4.940339074287916,9.267223078231115
2025-02-05 09:40:38.070957,Dairy,Customer Return,Pasta,0.6834935211431423,2.298885092169945
2025-02-06 09:40:38.070957,Prepared Food,Trim Waste,Beef,2.0882729718465183,9.725128963449325
2025-02-06 09:40:38.070957,Produce,Spoiled,Pasta,2.84891350707758,4.965025654645273
2025-02-06 09:40:38.070957,Grains,Trim Waste,Bread,1.5280317903853602,3.287216228597808
2025-02-06 09:40:38.070957,Produce,Overproduction,Beef,4.470769723540425,5.448163546507567
2025-02-06 09:40:38.070957,Grains,Customer Return,Beef,3.9761028210387543,13.853175402604995
2025-02-06 09:40:38.070957,Dairy,Trim Waste,Tomatoes,1.9448371369797801,8.80848526953767
2025-02-07 09:40:38.070957,Grains,Expired,Lettuce,3.9000659398938065,3.711886392145031
2025-02-07 09:40:38.070957,Protein,Overproduction,Rice,0.39699977426807453,11.561515950616393
2025-02-07 09:40:38.070957,Prepared Food,Customer Return,Chicken,3.2252857670490545,11.340572673924372
2025-02-07 09:40:38.070957,Protein,Trim Waste,Rice,0.25927761868428634,6.057490704939042
2025-02-08 09:40:38.070957,Prepared Food,Overproduction,Chicken,4.353900307859417,13.362901525157579
2025-02-08 09:40:38.070957,Grains,Spoiled,Milk,3.7064902687228143,4.902367284588344
2025-02-08 09:40:38.070957,Prepared Food,Overproduction,Pasta,3.81835071453831,14.97698290185881
2025-02-08 09:40:38.070957,Protein,Expired,Cheese,3.04539934434745,8.500086948528349
2025-02-08 09:40:38.070957,Produce,Spoiled,Chicken,3.2656386601707337,12.51211015216186
2025-02-08 09:40:38.070957,Protein,Expired,Rice,1.5629285484052196,4.656025607187813
2025-02-09 09:40:38.070957,Prepared Food,Overproduction,Beef,2.4180430507285746,9.692846359314766
2025-02-09 09:40:38.070957,Protein,Spoiled,Cheese,3.1866860084079174,4.121308378424654
2025-02-09 09:40:38.070957,Produce,Overproduction,Beef,1.0321285277843155,12.26485010841336
2025-02-09 09:40:38.070957,Grains,Expired,Bread,4.4931245557172925,11.012919777336723
2025-02-09 09:40:38.070957,Prepared Food,Customer Return,Rice,4.093758367930257,13.397902239466559
2025-02-10 09:40:38.070957,Dairy,Trim Waste,Milk,0.4778098063591669,10.270698617707058
2025-02-10 09:40:38.070957,Protein,Spoiled,Fish,3.8333635457071917,11.756622640952989
2025-02-10 09:40:38.070957,Dairy,Spoiled,Fish,2.8740871816054376,10.084481875537838
2025-02-11 09:40:38.070957,Protein,Trim Waste,Cheese,4.305581565619089,7.506836117458475
2025-02-11 09:40:38.070957,Prepared Food,Spoiled,Pasta,4.391788569599939,11.823011284349818
2025-02-11 09:40:38.070957,Produce,Overproduction,Rice,0.2691429301790328,10.194083919650128
2025-02-11 09:40:38.070957,Prepared Food,Spoiled,Rice,3.5566700393412,12.167164824381006
2025-02-11 09:40:38.070957,Protein,Expired,Bread,0.46549028471981024,12.77741845077533
2025-02-11 09:40:38.070957,Prepared Food,Customer Return,Lettuce,3.5907035750563545,10.220543310834998
2025-02-11 09:40:38.070957,Produce,Overproduction,Lettuce,0.5010223466152383,7.875055744631578
2025-02-12 09:40:38.070957,Prepared Food,Expired,Bread,3.643102772382754,10.091611716065458
2025-02-12 09:40:38.070957,Protein,Trim Waste,Lettuce,3.6044770508292783,6.972795406088818
2025-02-12 09:40:38.070957,Grains,Spoiled,Cheese,4.182101808363367,5.116059416528294
2025-02-12 09:40:38.070957,Produce,Overproduction,Rice,3.8111635294515103,6.0645836423456245
2025-02-12 09:40:38.070957,Protein,Spoiled,Rice,0.1035646738492412,4.09869365046484
2025-02-12 09:40:38.070957,Dairy,Spoiled,Beef,2.5276417997523293,4.802313843758315
2025-02-12 09:40:38.070957,Grains,Trim Waste,Milk,3.4090731960811715,12.060838650137924
2025-02-13 09:40:38.070957,Dairy,Trim Waste,Milk,4.001987725060018,8.038909789534621
2025-02-13 09:40:38.070957,Dairy,Expired,Pasta,0.6956593584214098,9.498464998857454
2025-02-13 09:40:38.070957,Grains,Expired,Rice,1.3006134749957459,6.5798531646554554
2025-02-13 09:40:38.070957,Prepared Food,Trim Waste,Milk,4.834761875472911,3.9137316858727544
2025-02-13 09:40:38.070957,Protein,Expired,Milk,4.559909051915798,14.391132939800704
2025-02-13 09:40:38.070957,Protein,Customer Return,Rice,1.8184927081611104,13.845946515842579
2025-02-13 09:40:38.070957,Protein,Customer Return,Beef,3.334209080056571,7.821519061612084
2025-02-14 09:40:38.070957,Dairy,Trim Waste,Chicken,2.4253719390843607,3.9908458528569146
2025-02-14 09:40:38.070957,Prepared Food,Spoiled,Milk,3.078057087529531,13.92399130002586
2025-02-14 09:40:38.070957,Grains,Trim Waste,Fish,2.4630778610712722,3.8942208203739503
2025-02-14 09:40:38.070957,Dairy,Customer Return,Cheese,1.6227119420271603,8.407499798188235
2025-02-14 09:40:38.070957,Produce,Overproduction,Tomatoes,3.8828417244462083,9.37146391973539
2025-02-14 09:40:38.070957,Protein,Overproduction,Lettuce,3.721724945124876,3.6220295419830286
2025-02-15 09:40:38.070957,Protein,Expired,Rice,0.6331248844416628,14.077071432792303
2025-02-15 09:40:38.070957,Produce,Expired,Chicken,1.0669938561080945,7.772050115203331
2025-02-15 09:40:38.070957,Protein,Spoiled,Tomatoes,3.1581634724465206,9.34913897782512
2025-02-15 09:40:38.070957,Prepared Food,Expired,Cheese,2.559772913056318,7.168886119969565
2025-02-15 09:40:38.070957,Dairy,Customer Return,Cheese,1.6232908540946955,6.6899250599863676
2025-02-16 09:40:38.070957,Produce,Spoiled,Beef,4.702737032211077,12.087030277271328
2025-02-16 09:40:38.070957,Produce,Trim Waste,Bread,4.579527932321415,3.571472172662787
2025-02-16 09:40:38.070957,Grains,Expired,Milk,1.4974890387163875,3.0429578776906614
2025-02-16 09:40:38.070957,Prepared Food,Customer Return,Beef,4.561859046526519,12.774056341759538
2025-02-16 09:40:38.070957,Protein,Trim Waste,Fish,2.3872564470332995,11.702419425951012
2025-02-16 09:40:38.070957,Protein,Customer Return,Pasta,2.681449153470095,7.536282568423603
2025-02-17 09:40:38.070957,Dairy,Expired,Tomatoes,4.017819747083451,11.302168212462808
2025-02-17 09:40:38.070957,Dairy,Spoiled,Milk,3.5475912248780035,13.613219631741456
2025-02-17 09:40:38.070957,Produce,Customer Return,Beef,3.8356071937899494,3.663646435185766
2025-02-17 09:40:38.070957,Grains,Overproduction,Beef,4.836639398843129,9.071168719795644
2025-02-18 09:40:38.070957,Protein,Trim Waste,Cheese,0.4942136990032375,13.211918370931517
2025-02-18 09:40:38.070957,Grains,Customer Return,Chicken,2.1522818355716304,9.18886751101017
2025-02-18 09:40:38.070957,Prepared Food,Overproduction,Pasta,0.2066877062954247,7.7709772755565325
2025-02-18 09:40:38.070957,Grains,Expired,Pasta,3.7072336304586586,2.7140289207104322
2025-02-19 09:40:38.070957,Dairy,Trim Waste,Milk,1.0269572948889996,9.268197013256176
2025-02-19 09:40:38.070957,Prepared Food,Expired,Cheese,4.061239207333371,3.9048572708404796
2025-02-19 09:40:38.070957,Grains,Spoiled,Chicken,2.0082233067848603,12.338315121904113
2025-02-19 09:40:38.070957,Protein,Customer Return,Tomatoes,1.6892848206576452,6.625733361996605
2025-02-19 09:40:38.070957,Produce,Expired,Milk,3.817287439822766,4.162171454980983
2025-02-19 09:40:38.070957,Prepared Food,Overproduction,Pasta,0.27999542337914646,4.128153244503366
2025-02-20 09:40:38.070957,Prepared Food,Customer Return,Tomatoes,4.038339138752934,8.290775291015096
2025-02-20 09:40:38.070957,Protein,Spoiled,Pasta,1.6814798022811388,10.441574235227636
2025-02-20 09:40:38.070957,Protein,Overproduction,Chicken,1.5754685755144915,11.699509125999175
2025-02-20 09:40:38.070957,Produce,Overproduction,Pasta,3.652843100278617,12.0859291391387
2025-02-20 09:40:38.070957,Protein,Customer Return,Rice,2.6735402028264508,12.42628226352755
2025-02-20 09:40:38.070957,Prepared Food,Expired,Lettuce,4.593314335759877,6.011347348585055
2025-02-21 09:40:38.070957,Protein,Expired,Fish,0.40644075560888127,6.0505148310854775
2025-02-21 09:40:38.070957,Dairy,Overproduction,Cheese,1.3259037002317136,8.780221182040853
2025-02-21 09:40:38.070957,Produce,Customer Return,Chicken,1.7506124833079864,14.713623572257548
2025-02-21 09:40:38.070957,Protein,Trim Waste,Cheese,2.638686205252929,5.842296001345284
2025-02-21 09:40:38.070957,Protein,Overproduction,Pasta,3.0006339936664106,3.345309821002703
2025-02-21 09:40:38.070957,Dairy,Overproduction,Cheese,1.2453618939043893,6.486561166266108
2025-02-21 09:40:38.070957,Dairy,Expired,Bread,3.769162499298987,2.535252513179967
2025-02-22 09:40:38.070957,Produce,Customer Return,Milk,4.549971821871168,12.129913879832841
2025-02-22 09:40:38.070957,Protein,Overproduction,Cheese,4.330540899963327,12.876949136330468
2025-02-22 09:40:38.070957,Prepared Food,Overproduction,Cheese,0.8760824742488861,7.10188504309906
2025-02-23 09:40:38.070957,Prepared Food,Expired,Pasta,3.9082244965924526,13.613488412837317
2025-02-23 09:40:38.070957,Prepared Food,Trim Waste,Tomatoes,3.1792089983662626,14.508403039784964
2025-02-23 09:40:38.070957,Prepared Food,Spoiled,Cheese,3.280143941292785,11.990758185637894
2025-02-23 09:40:38.070957,Protein,Spoiled,Tomatoes,3.975369634695111,14.329536642016546
2025-02-24 09:40:38.070957,Produce,Spoiled,Rice,2.1305255504382448,11.281555479208627
2025-02-24 09:40:38.070957,Grains,Spoiled,Cheese,0.8039590399597838,3.7356227974206306
2025-02-24 09:40:38.070957,Dairy,Spoiled,Fish,3.414207264947865,7.538985675981145
2025-02-24 09:40:38.070957,Produce,Overproduction,Bread,4.827057764626083,10.331689625137757
2025-02-24 09:40:38.070957,Protein,Overproduction,Tomatoes,0.251359024801456,14.59135600757528
2025-02-24 09:40:38.070957,Dairy,Expired,Chicken,2.555660201315665,5.509435249746998
2025-02-25 09:40:38.070957,Dairy,Customer Return,Cheese,1.626438226042591,7.229704623226295
2025-02-25 09:40:38.070957,Dairy,Customer Return,Pasta,1.0254026021598073,6.310570792145415
2025-02-25 09:40:38.070957,Dairy,Spoiled,Cheese,3.2694376512169616,3.0891469737175123
2025-02-25 09:40:38.070957,Produce,Spoiled,Bread,2.503482892855469,4.279556055586559
2025-02-25 09:40:38.070957,Dairy,Customer Return,Cheese,2.981945710443742,13.398910803643831
2025-02-25 09:40:38.070957,Grains,Spoiled,Rice,2.72436241794296,7.769596781216951
2025-02-25 09:40:38.070957,Grains,Expired,Bread,3.534359335300067,8.498404663105926
2025-02-26 09:40:38.070957,Grains,Expired,Rice,4.275204425319502,2.0782890949150303
2025-02-26 09:40:38.070957,Produce,Spoiled,Beef,3.2351082677969742,13.334358919929011
2025-02-26 09:40:38.070957,Prepared Food,Trim Waste,Cheese,1.0876309553363048,2.948051617721073
2025-02-27 09:40:38.070957,Produce,Spoiled,Tomatoes,2.818648517598767,6.211191885219366
2025-02-27 09:40:38.070957,Grains,Expired,Cheese,2.35805145558737,11.86670629457618
2025-02-27 09:40:38.070957,Grains,Overproduction,Rice,2.2029999757868945,8.7089209546753
2025-02-27 09:40:38.070957,Dairy,Spoiled,Milk,0.8362108513419669,11.199323726876527
2025-02-27 09:40:38.070957,Prepared Food,Trim Waste,Fish,4.656631794166507,9.09099619258038
2025-02-28 09:40:38.070957,Prepared Food,Overproduction,Chicken,0.48758440480911447,11.867834933562998
2025-02-28 09:40:38.070957,Dairy,Spoiled,Tomatoes,4.543279935536412,12.354066578694098
2025-02-28 09:40:38.070957,Protein,Customer Return,Milk,1.0205993894197212,8.133208832690523
2025-02-28 09:40:38.070957,Grains,Spoiled,Bread,1.1307254754562235,9.144117503644521
2025-02-28 09:40:38.070957,Grains,Overproduction,Beef,4.952969312690394,3.7537788436437856
2025-02-28 09:40:38.070957,Protein,Customer Return,Fish,4.071607553389584,10.75099059236149
2025-03-01 09:40:38.070957,Protein,Spoiled,Bread,2.8815005059760113,13.809312326234721
2025-03-01 09:40:38.070957,Grains,Customer Return,Milk,3.640564977261975,13.7974428055431
2025-03-01 09:40:38.070957,Produce,Spoiled,Chicken,3.2313972321715876,7.126607920048071
2025-03-01 09:40:38.070957,Dairy,Trim Waste,Beef,3.6416079371832644,2.744022146359016
2025-03-02 09:40:38.070957,Dairy,Spoiled,Lettuce,4.158272218590496,5.912483749153396
2025-03-02 09:40:38.070957,Grains,Expired,Cheese,0.8724584357143984,10.138038861615522
2025-03-02 09:40:38.070957,Grains,Overproduction,Rice,3.190443178721142,10.29559660472551
2025-03-03 09:40:38.070957,Produce,Customer Return,Lettuce,1.8539611535850231,14.295136752976367
2025-03-03 09:40:38.070957,Protein,Spoiled,Beef,3.7674120436893634,4.512744100999611
2025-03-03 09:40:38.070957,Grains,Spoiled,Pasta,3.1113033491982653,10.901579041484489
2025-03-03 09:40:38.070957,Protein,Expired,Chicken,2.8131043644272737,11.05770071353918
2025-03-04 09:40:38.070957,Produce,Overproduction,Cheese,2.6836720589136154,2.9716647589122642
2025-03-04 09:40:38.070957,Protein,Overproduction,Fish,0.31203343042587073,4.649672200445959
2025-03-04 09:40:38.070957,Prepared Food,Overproduction,Beef,1.2162491647038518,10.861695008831772
2025-03-04 09:40:38.070957,Produce,Overproduction,Pasta,3.2820318866680296,6.346309651326093
2025-03-04 09:40:38.070957,Grains,Expired,Cheese,1.881738748456164,8.999849417356433
2025-03-05 09:40:38.070957,Grains,Overproduction,Tomatoes,4.027820839441886,13.388303859556412
2025-03-05 09:40:38.070957,Protein,Expired,Fish,1.9784188283326878,12.905447072793473
2025-03-05 09:40:38.070957,Protein,Spoiled,Cheese,0.7624725499428915,13.057349393242468
2025-03-06 09:40:38.070957,Prepared Food,Customer Return,Milk,1.6830357156417883,9.57068299553961
2025-03-06 09:40:38.070957,Prepared Food,Spoiled,Bread,4.424220379610957,9.301275636151885
2025-03-06 09:40:38.070957,Produce,Spoiled,Beef,3.5162763863328426,10.983805387160121
2025-03-06 09:40:38.070957,Prepared Food,Expired,Milk,4.332488718301126,8.930031793536335
2025-03-06 09:40:38.070957,Produce,Trim Waste,Fish,2.320769714105545,8.428760893179485
2025-03-06 09:40:38.070957,Prepared Food,Customer Return,Fish,4.766174011248866,10.302403659791265
2025-03-07 09:40:38.070957,Produce,Trim Waste,Tomatoes,2.4088635380915426,3.855769489142595
2025-03-07 09:40:38.070957,Dairy,Customer Return,Bread,0.6395344938170328,6.915761468656095
2025-03-07 09:40:38.070957,Prepared Food,Spoiled,Lettuce,4.6329906340873475,4.232095853927657
2025-03-08 09:40:38.070957,Produce,Spoiled,Beef,0.8425080972870979,3.184262291461118
2025-03-08 09:40:38.070957,Produce,Customer Return,Fish,0.890963318450766,5.124361516461443
2025-03-08 09:40:38.070957,Protein,Spoiled,Beef,3.0906447895562694,4.843062362211583
2025-03-09 09:40:38.070957,Produce,Spoiled,Beef,4.087857159327888,10.752538158587532
2025-03-09 09:40:38.070957,Grains,Trim Waste,Cheese,2.916418856312594,8.233475409788296
2025-03-09 09:40:38.070957,Dairy,Expired,Pasta,4.156229036082516,14.793392446499523
2025-03-09 09:40:38.070957,Prepared Food,Spoiled,Fish,1.125373282616149,7.765463869090134
2025-03-09 09:40:38.070957,Produce,Trim Waste,Pasta,3.286172384966461,8.855784020074145
2025-03-09 09:40:38.070957,Produce,Spoiled,Tomatoes,3.131952628317942,9.027937152411788
2025-03-09 09:40:38.070957,Protein,Expired,Milk,1.9804630720734029,2.4705032761345787
2025-03-10 09:40:38.070957,Grains,Trim Waste,Tomatoes,1.4994217381729706,6.379769830307506
2025-03-10 09:40:38.070957,Dairy,Overproduction,Tomatoes,2.9963803625924244,13.433711840844845
2025-03-10 09:40:38.070957,Grains,Overproduction,Beef,1.545644579382341,13.721491655433447
2025-03-11 09:40:38.070957,Prepared Food,Overproduction,Rice,1.6693999177515888,2.221340712684991
2025-03-11 09:40:38.070957,Protein,Overproduction,Pasta,1.829947702479056,9.367264724572802
2025-03-11 09:40:38.070957,Prepared Food,Customer Return,Pasta,0.7421888968361341,12.8502559868368
2025-03-11 09:40:38.070957,Grains,Customer Return,Rice,2.2103682947243604,10.118952304357036
2025-03-11 09:40:38.070957,Dairy,Expired,Tomatoes,2.042848717192371,2.7510456580202085
2025-03-12 09:40:38.070957,Dairy,Spoiled,Cheese,4.966889310573624,6.460881954179568
2025-03-12 09:40:38.070957,Prepared Food,Trim Waste,Cheese,2.9553285256449118,9.742109406017121
2025-03-12 09:40:38.070957,Protein,Trim Waste,Milk,0.3368458533147028,2.310491960136491
2025-03-12 09:40:38.070957,Prepared Food,Expired,Beef,2.6392231742394365,7.411751799329609
2025-03-13 09:40:38.070957,Dairy,Overproduction,Milk,2.8718933998445566,14.112031703329881
2025-03-13 09:40:38.070957,Protein,Customer Return,Lettuce,2.947174325995586,11.377454696182474
2025-03-13 09:40:38.070957,Prepared Food,Trim Waste,Fish,4.539529902447126,12.165875055002093
2025-03-13 09:40:38.070957,Prepared Food,Customer Return,Milk,1.7827080468583543,13.22155330433202
2025-03-13 09:40:38.070957,Protein,Customer Return,Fish,1.55658172145449,6.3712735962169145
2025-03-13 09:40:38.070957,Prepared Food,Customer Return,Beef,4.890452587669601,8.034120266846276
2025-03-14 09:40:38.070957,Dairy,Trim Waste,Pasta,1.2160787534442021,10.637469747045394
2025-03-14 09:40:38.070957,Dairy,Overproduction,Milk,0.608900018554602,5.81573543695087
2025-03-14 09:40:38.070957,Prepared Food,Overproduction,Cheese,4.883940764620457,3.1498964845124027
2025-03-14 09:40:38.070957,Prepared Food,Expired,Lettuce,2.3138096081473996,4.191165537238793
2025-03-14 09:40:38.070957,Dairy,Spoiled,Chicken,2.6437136484760653,7.325077176202883
2025-03-14 09:40:38.070957,Protein,Spoiled,Rice,2.185792744808244,12.020855749713643
2025-03-14 09:40:38.070957,Prepared Food,Overproduction,Milk,3.184662591413058,12.193879594743649
2025-03-15 09:40:38.070957,Grains,Trim Waste,Lettuce,0.9450966348082274,5.786383592656622
2025-03-15 09:40:38.070957,Prepared Food,Spoiled,Milk,0.36025565082135613,3.0131097670199027
2025-03-15 09:40:38.070957,Grains,Customer Return,Tomatoes,3.7754222720041835,8.23519826772366
2025-03-15 09:40:38.070957,Dairy,Overproduction,Chicken,4.579913669835986,12.011852133069388
2025-03-15 09:40:38.070957,Grains,Customer Return,Fish,0.4775759411221321,14.68630447862781
2025-03-15 09:40:38.070957,Grains,Spoiled,Fish,0.16126934502078968,14.284793339153442
2025-03-16 09:40:38.070957,Dairy,Expired,Rice,0.5259783080224338,9.175377463710102
2025-03-16 09:40:38.070957,Grains,Spoiled,Lettuce,4.400327510680263,10.945812109153472
2025-03-16 09:40:38.070957,Protein,Expired,Bread,0.7095603592483266,5.950466046131104
2025-03-16 09:40:38.070957,Produce,Overproduction,Tomatoes,4.064968899740243,10.869951492642047
2025-03-16 09:40:38.070957,Protein,Spoiled,Lettuce,1.9568729908234521,5.353827302813831
2025-03-16 09:40:38.070957,Protein,Trim Waste,Lettuce,1.9693930816412404,4.972475077335007
2025-03-17 09:40:38.070957,Produce,Spoiled,Bread,3.5977044717348767,12.843275263670527
2025-03-17 09:40:38.070957,Grains,Spoiled,Fish,2.1292371162822907,5.26989723981629
2025-03-17 09:40:38.070957,Grains,Overproduction,Rice,2.7877463358982753,2.234536792740049
2025-03-17 09:40:38.070957,Prepared Food,Customer Return,Pasta,1.1759702471275009,5.905584791854345
2025-03-18 09:40:38.070957,Protein,Trim Waste,Bread,0.7043818603077964,6.134082172272215
2025-03-18 09:40:38.070957,Protein,Spoiled,Milk,4.917563501186505,9.698691822712858
2025-03-18 09:40:38.070957,Protein,Customer Return,Pasta,2.7743166276408715,8.283369043460656
2025-03-18 09:40:38.070957,Protein,Customer Return,Lettuce,3.6606489005009744,5.877979615707249
2025-03-18 09:40:38.070957,Dairy,Trim Waste,Pasta,0.17628583754662708,4.258993965080333
2025-03-19 09:40:38.070957,Grains,Expired,Bread,4.367789783500623,9.885600971912144
2025-03-19 09:40:38.070957,Prepared Food,Overproduction,Bread,4.508323593188445,12.34551761959804
2025-03-19 09:40:38.070957,Grains,Trim Waste,Tomatoes,2.382140679535319,14.573225721894277
2025-03-20 09:40:38.070957,Produce,Expired,Chicken,1.446674401898408,14.942030352692807
2025-03-20 09:40:38.070957,Produce,Trim Waste,Rice,0.8257975708545295,11.147877305190095
2025-03-20 09:40:38.070957,Prepared Food,Spoiled,Lettuce,4.633871372182567,6.406175252142772
2025-03-21 09:40:38.070957,Prepared Food,Expired,Fish,3.1475403473343704,12.695504731972063
2025-03-21 09:40:38.070957,Prepared Food,Trim Waste,Tomatoes,1.639708068411763,7.9988330940397185
2025-03-21 09:40:38.070957,Prepared Food,Trim Waste,Chicken,3.9613347430980195,2.0791410052870556
2025-03-21 09:40:38.070957,Produce,Trim Waste,Bread,3.478800275576189,8.948935888922149
2025-03-21 09:40:38.070957,Produce,Customer Return,Milk,1.4210052429385116,13.328935207025529
2025-03-22 09:40:38.070957,Dairy,Overproduction,Bread,0.26710178335533896,6.0326554531061065
2025-03-22 09:40:38.070957,Produce,Expired,Rice,2.487623143606994,3.565555765289746
2025-03-22 09:40:38.070957,Dairy,Customer Return,Lettuce,2.245119712676831,2.5155921720603973
2025-03-22 09:40:38.070957,Prepared Food,Trim Waste,Cheese,1.5418206516509876,11.060118960587193
2025-03-22 09:40:38.070957,Dairy,Spoiled,Cheese,2.658663149658649,9.076852383564788
2025-03-22 09:40:38.070957,Dairy,Spoiled,Tomatoes,4.977823438419935,12.290837106917925
2025-03-22 09:40:38.070957,Dairy,Trim Waste,Lettuce,2.966759966972234,12.323367739717307
2025-03-23 09:40:38.070957,Produce,Overproduction,Cheese,1.8257387614832448,6.023490240951544
2025-03-23 09:40:38.070957,Prepared Food,Overproduction,Cheese,0.6946036769259689,4.349993922920576
2025-03-23 09:40:38.070957,Protein,Spoiled,Chicken,4.671811917251474,8.524081853265232
2025-03-23 09:40:38.070957,Grains,Expired,Cheese,0.49882459275476143,2.235971964522692
2025-03-23 09:40:38.070957,Grains,Customer Return,Cheese,2.521732393775763,11.071956448156353
2025-03-23 09:40:38.070957,Produce,Trim Waste,Milk,0.3921391457233946,4.394878785757071
2025-03-23 09:40:38.070957,Grains,Customer Return,Cheese,2.6263906783867554,4.772866963594257
2025-03-24 09:40:38.070957,Produce,Expired,Cheese,2.9583014497822924,3.085873588151501
2025-03-24 09:40:38.070957,Dairy,Spoiled,Beef,4.160788314255312,13.048225659334541
2025-03-24 09:40:38.070957,Produce,Expired,Pasta,1.3182923299719906,10.775010483541225
2025-03-24 09:40:38.070957,Produce,Expired,Milk,1.0721813310920678,3.661887009878647
2025-03-24 09:40:38.070957,Grains,Customer Return,Cheese,3.502370112173386,9.49785818635795
2025-03-24 09:40:38.070957,Prepared Food,Expired,Tomatoes,4.364712175095317,6.973682697038921
2025-03-24 09:40:38.070957,Grains,Customer Return,Chicken,2.0571731945453555,5.3870574386620245
2025-03-25 09:40:38.070957,Produce,Spoiled,Bread,2.082307881297842,5.298561615278211
2025-03-25 09:40:38.070957,Grains,Overproduction,Bread,4.008315626244357,7.131681849498513
2025-03-25 09:40:38.070957,Grains,Spoiled,Fish,2.508177814101595,5.148826319259749
2025-03-25 09:40:38.070957,Protein,Spoiled,Lettuce,4.385678034509603,12.245748462453275
2025-03-25 09:40:38.070957,Protein,Expired,Fish,2.584912835288178,3.340977118642888
2025-03-26 09:40:38.070957,Protein,Trim Waste,Pasta,4.961001905340494,13.473059403763207
2025-03-26 09:40:38.070957,Protein,Expired,Beef,0.5876532604395209,13.086506902830937
2025-03-26 09:40:38.070957,Prepared Food,Expired,Fish,1.547450862906483,5.488449573611961
2025-03-26 09:40:38.070957,Grains,Trim Waste,Tomatoes,3.4989716988306623,13.885747995708076
2025-03-26 09:40:38.070957,Grains,Spoiled,Chicken,1.703064921475969,5.200710423722391
2025-03-26 09:40:38.070957,Protein,Overproduction,Chicken,0.6771230825603254,3.568398729364133
2025-03-26 09:40:38.070957,Dairy,Trim Waste,Rice,3.697606992896217,14.082634077242137
2025-03-27 09:40:38.070957,Produce,Expired,Tomatoes,3.7149661349904335,10.255122151103457
2025-03-27 09:40:38.070957,Dairy,Spoiled,Bread,1.447211149333122,10.818005828858253
2025-03-27 09:40:38.070957,Grains,Expired,Lettuce,1.3398122602248626,9.888185457070936
2025-03-27 09:40:38.070957,Grains,Customer Return,Milk,1.808270241757295,5.107026490667293
2025-03-27 09:40:38.070957,Produce,Overproduction,Bread,1.206488811740321,4.514106187135884
2025-03-28 09:40:38.070957,Produce,Trim Waste,Rice,3.2536407213286354,4.206711982443616
2025-03-28 09:40:38.070957,Grains,Trim Waste,Pasta,0.8418978167329015,2.6189714552588423
2025-03-28 09:40:38.070957,Grains,Customer Return,Milk,2.5239927850527235,4.886852422301573
2025-03-29 09:40:38.070957,Dairy,Trim Waste,Rice,3.2739948875903644,4.943259135583396
2025-03-29 09:40:38.070957,Dairy,Spoiled,Milk,2.0438900750741102,2.7165067540629604
2025-03-29 09:40:38.070957,Protein,Spoiled,Bread,3.3652264361762527,11.89320936923364
2025-03-30 09:40:38.070957,Protein,Spoiled,Beef,4.0280964123366,8.048573638779914
2025-03-30 09:40:38.070957,Produce,Overproduction,Bread,0.7311801434852634,6.136286137018358
2025-03-30 09:40:38.070957,Prepared Food,Expired,Lettuce,3.140369026049112,7.111450592527866
2025-03-30 09:40:38.070957,Prepared Food,Customer Return,Beef,4.808481418838649,4.362011176359342
2025-03-31 09:40:38.070957,Dairy,Expired,Rice,4.931693555893963,9.756147082967356
2025-03-31 09:40:38.070957,Dairy,Customer Return,Bread,4.657666922325827,7.657126674197791
2025-03-31 09:40:38.070957,Protein,Spoiled,Lettuce,0.6746559472823421,4.238461898543039
